group,trial_id,csv_file,csv_row_idx,csv_delim,A,n,r,c,s,Z_obj,occ_infront,occ_ring,mask_extra,cam_x,cam_y,cam_z,candidates_size,ee_x,ee_y,ee_z,exec_ok,ik_fail_count,ik_success_count,planning_ok,planning_time_sec,reps_size,score,sel_best_mode_dq_exec,sel_best_mode_m_exec,sel_best_mode_m_limit,sel_best_mode_m_sing,sel_best_mode_score,selected_dq_exec,selected_idx_in_candidates,selected_psc,stamp,traj_points,trial_tag,use_comp,used_mode0_members
L1+IK_only,1,nbv_executor_IK_only_1772238387_956386.csv,0,COMMA,84,5978.3,1.00,1.000,0.560,0.844,0.321,0.071,0.494,-0.12248173356056213,0.041455063968896866,0.39981552958488464,202,-0.12887506564624088,0.003158944104258349,0.5202677211135227,0,37.0,148.0,0,1.8176853656768799,1,1.0,9.508544921875,0.735315203666687,0.735315203666687,1.0,1.0,9.508544921875,174,0.7538126111030579,1772238385.9074345,0,ik_only,1,0
L1+IK_only,2,nbv_executor_IK_only_1772238654_379602.csv,0,COMMA,27,3976.3,1.00,1.000,0.565,0.854,0.405,0.068,0.310,0.036932025104761124,-0.19835340976715088,0.3665012717247009,293,-0.12881871476343917,0.003129349738457632,0.5202785403173945,0,169.0,111.0,0,0.23514008522033691,1,1.0,9.13759708404541,0.6978611946105957,0.6978611946105957,1.0,1.0,9.13759708404541,1,0.6155778765678406,1772238653.8413396,0,ik_only,1,0
L1+IK_only,3,nbv_executor_IK_only_1772238877_163910.csv,0,COMMA,44,3973.0,1.00,1.000,0.568,0.855,0.405,0.070,0.312,0.05267004668712616,-0.1534672975540161,0.3984886407852173,260,-0.034660006911991836,-0.22104072240865336,0.585153740846377,1,159.0,137.0,1,2.1025679111480713,1,1.0,5.827174186706543,0.2883032262325287,0.2883032262325287,1.0,1.0,5.827174186706543,20,0.5831265449523926,1772238836.9925437,69,ik_only,1,0
L1+IK_only,4,nbv_executor_IK_only_1772239243_270088.csv,0,COMMA,23,4062.7,1.00,1.000,0.611,0.871,0.407,0.080,0.326,-0.30328381061553955,-0.16662631928920746,0.3618168830871582,249,-0.2515809901080876,-0.21406634815512365,0.5669736500024595,1,155.0,102.0,1,0.8274226188659668,1,1.0,3.543553352355957,0.6317536234855652,0.6317536234855652,1.0,1.0,3.543553352355957,187,0.7081339955329895,1772239219.5296936,35,ik_only,1,0
L1+IK_only,5,nbv_executor_IK_only_1772239403_133918.csv,0,COMMA,16,4065.2,1.00,1.000,0.608,0.871,0.408,0.078,0.323,-0.3247077763080597,-0.13901007175445557,0.3947521150112152,303,-0.2490524497688228,-0.21091503668172398,0.5847702213538981,1,173.0,120.0,1,0.9904932975769043,1,1.0,3.6735737323760986,0.43510693311691284,0.43510693311691284,1.0,1.0,3.6735737323760986,67,0.7775229215621948,1772239378.3586917,31,ik_only,1,0
L1+IK_only,6,nbv_executor_IK_only_1772239533_868130.csv,0,COMMA,32,4073.0,1.00,1.000,0.608,0.871,0.408,0.077,0.318,-0.3283267617225647,-0.16815365850925446,0.38023918867111206,273,-0.1288550544461182,0.0031572220531058126,0.5202927573925257,0,153.0,110.0,0,1.6874356269836426,1,1.0,9.476825714111328,0.5234428644180298,0.5234428644180298,1.0,1.0,9.476825714111328,95,0.7837209105491638,1772239531.983143,0,ik_only,1,0
L1+IK_only,7,nbv_executor_IK_only_1772239726_406540.csv,0,COMMA,26,4067.2,1.00,1.000,0.608,0.871,0.407,0.079,0.322,0.03518068790435791,-0.1849232017993927,0.4204382300376892,252,-0.06628400445796773,-0.24320313617314226,0.6030563760803171,1,184.0,98.0,1,1.7637808322906494,1,1.0,8.911952018737793,0.7420216798782349,0.7420216798782349,1.0,1.0,8.911952018737793,24,0.7865707278251648,1772239694.2091444,66,ik_only,1,0
L1+IK_only,8,nbv_executor_IK_only_1772240055_912223.csv,0,COMMA,33,3487.1,1.00,1.000,0.403,0.747,0.400,0.156,0.489,-0.20394882559776306,-0.05125638470053673,0.34946438670158386,289,-0.17847201803433876,-0.15311480854331802,0.5392305322846388,1,159.0,145.0,1,1.2383241653442383,1,1.0,4.19234561920166,0.37013497948646545,0.37013497948646545,1.0,1.0,4.19234561920166,22,0.5035461187362671,1772240029.9287362,38,ik_only,1,0
L1+IK_only,9,nbv_executor_IK_only_1772240246_548502.csv,0,COMMA,46,3484.4,1.00,1.000,0.402,0.746,0.400,0.153,0.486,-0.2865257263183594,-0.041109729558229446,0.4203227162361145,296,-0.21688032066654264,-0.1777419687620279,0.5737490848983646,1,145.0,163.0,1,1.3803379535675049,1,1.0,8.00442886352539,0.14788006246089935,0.14788006246089935,1.0,1.0,8.00442886352539,32,0.48514851927757263,1772240219.8040304,54,ik_only,1,0
L1+IK_only,10,nbv_executor_IK_only_1772240415_541967.csv,0,COMMA,29,3531.4,1.00,1.000,0.443,0.767,0.400,0.153,0.485,-0.2509441673755646,-0.015792759135365486,0.4306061565876007,301,-0.19392871996223002,-0.16437061986921322,0.5778841497428673,1,130.0,157.0,1,1.3558409214019775,1,1.0,3.9254329204559326,0.07406206429004669,0.07406206429004669,1.0,1.0,3.9254329204559326,141,0.5188916921615601,1772240388.0457199,30,ik_only,1,0
L1+IK_only,11,nbv_executor_IK_only_1772240564_493406.csv,0,COMMA,45,3534.9,1.00,1.000,0.438,0.765,0.400,0.150,0.481,-0.20443686842918396,0.0054166801273822784,0.42875775694847107,241,-0.17664982772292864,-0.15243612310274995,0.5748911050754562,1,138.0,138.0,1,0.991621732711792,1,1.0,4.006983280181885,0.03136909380555153,0.03136909380555153,1.0,1.0,4.006983280181885,31,0.547911524772644,1772240537.8954282,30,ik_only,1,0
L1+IK_only,12,nbv_executor_IK_only_1772240732_388511.csv,0,COMMA,31,3552.3,1.00,1.000,0.449,0.771,0.400,0.154,0.488,-0.2789252698421478,-0.15527105331420898,0.33274561166763306,285,-0.23509826547402912,-0.2118991962118193,0.5374953510249715,1,182.0,112.0,1,1.348543643951416,1,1.0,7.627101898193359,0.7478010654449463,0.7478010654449463,1.0,1.0,7.627101898193359,54,0.48614609241485596,1772240702.6055214,55,ik_only,1,0
L1+IK_only,13,nbv_executor_IK_only_1772240902_733630.csv,0,COMMA,22,3555.9,1.00,1.000,0.448,0.771,0.400,0.150,0.480,-0.2823498249053955,-0.3246501088142395,0.3679560720920563,236,-0.2277906994520811,-0.31078569513890586,0.5774377787636521,1,202.0,30.0,1,1.4099464416503906,1,1.0,6.185470104217529,0.6496010422706604,0.6496010422706604,1.0,1.0,6.185470104217529,18,0.5229591727256775,1772240871.8402708,61,ik_only,1,0
L1+IK_only,14,nbv_executor_IK_only_1772241371_282496.csv,0,COMMA,59,3317.7,1.00,1.000,0.473,0.777,0.389,0.003,0.233,-0.26305872201919556,-0.13071607053279877,0.36067482829093933,266,-0.12886967968415197,0.003067109669459278,0.5202315887032979,0,161.0,103.0,0,0.21977806091308594,1,1.0,6.067037105560303,0.3675122857093811,0.3675122857093811,1.0,1.0,6.067037105560303,8,0.6801801919937134,1772241370.7527192,0,ik_only,1,0
L1+IK_only,15,nbv_executor_IK_only_1772241512_668715.csv,0,COMMA,38,3309.1,1.00,1.000,0.444,0.745,0.390,0.009,0.252,-0.3183801472187042,-0.17535200715065002,0.4047762155532837,273,-0.12883866407609407,0.0031730273455356783,0.5202681196184167,0,146.0,127.0,0,1.9237017631530762,1,1.0,5.498623371124268,0.6200585961341858,0.6200585961341858,1.0,1.0,5.498623371124268,224,0.6844444274902344,1772241509.9872146,0,ik_only,1,0
L1+IK_only,16,nbv_executor_IK_only_1772241802_200664.csv,0,COMMA,59,4449.6,1.00,1.000,0.577,0.882,0.389,0.026,0.242,-0.20602576434612274,-0.13423535227775574,0.3208301365375519,245,-0.18697061640107038,-0.16950695899645601,0.5339897259146192,1,141.0,106.0,1,4.914926052093506,1,1.0,9.72226333618164,0.5211597681045532,0.5211597681045532,1.0,1.0,9.72226333618164,5,0.698630154132843,1772241760.4647825,88,ik_only,1,0
L1+IK_only,17,nbv_executor_IK_only_1772241997_385772.csv,0,COMMA,22,4292.4,1.00,1.000,0.546,0.864,0.389,0.020,0.240,-0.19513753056526184,-0.10285340249538422,0.330292671918869,261,-0.17296818096302247,-0.1577330442014754,0.5389076633102566,1,140.0,112.0,1,4.09174919128418,1,1.0,10.107048034667969,0.3223617374897003,0.3223617374897003,1.0,1.0,10.107048034667969,17,0.6372092962265015,1772241940.9212866,129,ik_only,1,0
L1+IK_only,18,nbv_executor_IK_only_1772242328_996186.csv,0,COMMA,90,5171.5,1.00,1.000,0.614,0.926,0.369,0.002,0.045,-0.28594356775283813,-0.13549788296222687,0.3461059033870697,174,-0.21823739960578903,-0.18618177523698,0.5458119532190682,1,32.0,107.0,1,1.1181094646453857,1,1.0,4.054640293121338,0.3830548822879791,0.3830548822879791,1.0,1.0,4.054640293121338,40,0.45625001192092896,1772242303.592986,35,ik_only,1,0
L1+IK_only,19,nbv_executor_IK_only_1772242623_448406.csv,0,COMMA,26,4356.2,1.00,1.000,0.403,0.761,0.365,0.067,0.399,-0.10986457765102386,0.08050244301557541,0.4738721251487732,236,-0.12883009994919603,0.0031013962733496547,0.5202851370165235,0,48.0,119.0,0,1.8864433765411377,1,1.0,10.518411636352539,0.07754561305046082,0.07754561305046082,1.0,1.0,10.518411636352539,70,0.29296875,1772242620.885904,0,ik_only,1,0
L1+IK_only,20,nbv_executor_IK_only_1772242804_667687.csv,0,COMMA,58,4361.6,1.00,1.000,0.413,0.767,0.365,0.067,0.403,-0.1680714190006256,0.07931320369243622,0.46676522493362427,173,-0.12883009994919603,0.0031013962733496547,0.5202851370165235,0,26.0,145.0,0,1.9367561340332031,1,1.0,10.273738861083984,0.1258210688829422,0.1258210688829422,1.0,1.0,10.273738861083984,99,0.2530120611190796,1772242802.1838467,0,ik_only,1,0
L1+IK_only,21,nbv_executor_IK_only_1772326204_114263.csv,0,COMMA,65,3277.1,1.00,1.000,0.434,0.766,0.424,0.006,0.161,-0.3140895962715149,-0.1504417508840561,0.39766725897789,181,-0.25678232319934513,-0.21546127029305548,0.5965025452392794,1,73.0,108.0,1,1.4738383293151855,1,1.0,7.167831897735596,0.6253973841667175,0.6253973841667175,1.0,1.0,7.167831897735596,11,0.5602241158485413,1772326178.7095244,52,ik_only,1,0
L1+IK_only,22,nbv_executor_IK_only_1772326404_383908.csv,0,COMMA,43,3276.0,1.00,1.000,0.431,0.765,0.424,0.007,0.175,-0.1922459751367569,-0.166359081864357,0.3309144973754883,175,-0.18974819288123093,-0.18459026085316815,0.5469667109126026,1,106.0,80.0,1,2.189423084259033,1,1.0,4.925055503845215,0.44157952070236206,0.44157952070236206,1.0,1.0,4.925055503845215,8,0.530259370803833,1772326381.7440841,43,ik_only,1,0
L1+IK_only,23,nbv_executor_IK_only_1772326478_646144.csv,0,COMMA,32,3296.9,1.00,1.000,0.440,0.770,0.424,0.006,0.159,-0.3496187925338745,-0.1461608111858368,0.44461682438850403,181,-0.1288348966980145,0.0030862753920394836,0.520244772924175,0,96.0,89.0,0,1.7043657302856445,1,1.0,5.946768283843994,0.40868666768074036,0.40868666768074036,1.0,1.0,5.946768283843994,4,0.5139318704605103,1772326476.78829,0,ik_only,1,0
L1+IK_only,24,nbv_executor_IK_only_1772326645_390979.csv,0,COMMA,27,3295.7,1.00,1.000,0.441,0.770,0.424,0.006,0.165,-0.31433239579200745,-0.1592145711183548,0.3920152485370636,169,-0.2609233704202205,-0.217982224540179,0.5938618102212508,1,91.0,91.0,1,1.254709005355835,1,1.0,3.311997175216675,0.6691622138023376,0.6691622138023376,1.0,1.0,3.311997175216675,12,0.6074270606040955,1772326621.5532897,34,ik_only,1,0
L1+IK_only,25,nbv_executor_IK_only_1772327217_344545.csv,0,COMMA,23,4234.0,1.00,1.000,0.550,0.765,0.335,0.017,0.273,-0.18148192763328552,-0.06228692829608917,0.3575998842716217,214,-0.17811316954644904,-0.10080206074292238,0.571017661161062,1,52.0,148.0,1,1.9002799987792969,1,1.0,7.350658893585205,0.5661720037460327,0.5661720037460327,1.0,1.0,7.350658893585205,9,0.8439560532569885,1772327182.7969778,57,ik_only,1,0
L1+IK_only,26,nbv_executor_IK_only_1772327396_479971.csv,0,COMMA,48,4285.9,1.00,1.000,0.561,0.775,0.334,0.017,0.264,-0.20065133273601532,-0.018664631992578506,0.3969527781009674,186,-0.18861002644582764,-0.09824890897496968,0.5983022309679729,1,42.0,154.0,1,1.2866010665893555,1,1.0,3.9512720108032227,0.3801608979701996,0.3801608979701996,1.0,1.0,3.9512720108032227,15,0.6962305903434753,1772327370.768613,36,ik_only,1,0
L1+IK_only,27,nbv_executor_IK_only_1772327533_877175.csv,0,COMMA,48,4234.3,1.00,1.000,0.545,0.764,0.334,0.018,0.275,-0.18657059967517853,-0.059205349534749985,0.3625321388244629,206,-0.1821259849355168,-0.10140437338547956,0.5752357449372589,1,48.0,143.0,1,1.5244977474212646,1,1.0,7.307742118835449,0.6080068349838257,0.6080068349838257,1.0,1.0,7.307742118835449,11,0.6909492015838623,1772327499.366909,57,ik_only,1,0
L1+IK_only,28,nbv_executor_IK_only_1772327707_392054.csv,0,COMMA,32,4255.9,1.00,1.000,0.551,0.768,0.334,0.016,0.267,-0.22138673067092896,-0.0544118732213974,0.37138593196868896,198,-0.20393602255940413,-0.10582366073447715,0.5813862210862992,1,45.0,149.0,1,1.0471041202545166,1,1.0,7.607158184051514,0.5575641393661499,0.5575641393661499,1.0,1.0,7.607158184051514,61,0.726244330406189,1772327675.635015,56,ik_only,1,0
L1+IK_only,29,nbv_executor_IK_only_1772327827_606425.csv,0,COMMA,24,4244.5,1.00,1.000,0.546,0.763,0.334,0.020,0.281,-0.20286977291107178,0.00813529547303915,0.4189935326576233,195,-0.1870736900339274,-0.09560660106004715,0.60879163141764,1,40.0,139.0,1,0.8685379028320312,1,1.0,3.886009931564331,0.24228772521018982,0.24228772521018982,1.0,1.0,3.886009931564331,42,0.8401727676391602,1772327801.7186291,33,ik_only,1,0
L1+IK_only,30,nbv_executor_IK_only_1772328037_354765.csv,0,COMMA,39,3564.5,1.00,1.000,0.841,0.964,0.455,0.019,0.196,-0.19246059656143188,-0.19904978573322296,0.3404437005519867,197,-0.18247708868880794,-0.2270455063813597,0.5552490413080988,1,70.0,108.0,1,1.0724642276763916,1,1.0,4.273881912231445,0.7057092189788818,0.7057092189788818,1.0,1.0,4.273881912231445,18,0.6924999952316284,1772328017.5675118,43,ik_only,1,0
L1+IK_only,31,nbv_executor_IK_only_1772328170_319219.csv,0,COMMA,40,3553.2,1.00,1.000,0.841,0.962,0.455,0.019,0.197,-0.19756010174751282,-0.23815973103046417,0.32935863733291626,217,-0.19634006885375246,-0.24037324171655944,0.546273818942398,1,86.0,115.0,1,1.7904584407806396,1,1.0,3.9584851264953613,0.9753007888793945,0.9753007888793945,1.0,1.0,3.9584851264953613,4,0.7283372282981873,1772328139.1047552,48,ik_only,1,0
L1+IK_only,32,nbv_executor_IK_only_1772329115_751445.csv,0,COMMA,26,3525.6,1.00,1.000,0.833,0.958,0.455,0.018,0.196,-0.25582852959632874,-0.23483914136886597,0.36155539751052856,193,-0.2253960241529085,-0.26399050444450384,0.5742714965559017,1,87.0,91.0,1,1.4486005306243896,1,1.0,3.1804006099700928,1.0,1.0,1.0,1.0,3.1804006099700928,27,0.6300715804100037,1772329106.5052745,54,ik_only,1,0
L1+IK_only,33,nbv_executor_IK_only_1772329286_629526.csv,0,COMMA,26,3526.6,1.00,1.000,0.834,0.958,0.454,0.016,0.191,-0.26278001070022583,-0.19914482533931732,0.3770887851715088,189,-0.22013704902362463,-0.2510243476994255,0.5832474401428165,1,108.0,107.0,1,1.1575589179992676,1,1.0,9.586920738220215,0.7140514850616455,0.7140514850616455,1.0,1.0,9.586920738220215,9,0.6484560370445251,1772329278.62441,37,ik_only,1,0
L1+IK_only,34,nbv_executor_IK_only_1772329642_287984.csv,0,COMMA,107,2490.6,1.00,1.000,0.701,0.889,0.503,0.012,0.096,-0.21675246953964233,-0.20909041166305542,0.3657647371292114,56,-0.1835509141743856,-0.273722183106513,0.5700961202876718,1,6.0,63.0,1,3.812920570373535,1,1.0,3.268523931503296,0.9717464447021484,0.9717464447021484,1.0,1.0,3.268523931503296,6,0.5432835817337036,1772329629.5229006,53,ik_only,1,0
L1+IK_only,35,nbv_executor_IK_only_1772329823_844853.csv,0,COMMA,79,2498.2,1.00,1.000,0.701,0.890,0.503,0.017,0.099,-0.22863389551639557,-0.28930509090423584,0.3452082574367523,68,-0.20863872479031786,-0.3098007342753707,0.560172845922281,1,14.0,55.0,1,4.84256386756897,1,1.0,7.268731117248535,1.0,1.0,1.0,1.0,7.268731117248535,38,0.6115702390670776,1772329805.6781182,99,ik_only,1,0
L1+IK_only,36,nbv_executor_IK_only_1772330258_825969.csv,0,COMMA,18,2509.6,1.00,1.000,0.711,0.893,0.503,0.013,0.087,-0.21567703783512115,-0.29329484701156616,0.3372240662574768,42,-0.20380084508049873,-0.3060742385826246,0.5533860209045522,1,6.0,37.0,1,3.6656219959259033,1,1.0,7.14566707611084,1.0,1.0,1.0,1.0,7.14566707611084,11,0.5214723944664001,1772330247.195995,50,ik_only,1,0
L1+IK_only,37,nbv_executor_IK_only_1772330399_817176.csv,0,COMMA,111,2505.5,1.00,1.000,0.712,0.893,0.503,0.016,0.094,-0.1795402318239212,-0.20447316765785217,0.35435858368873596,52,-0.16253347296785053,-0.2652199942330159,0.5618354997933552,1,8.0,48.0,1,1.7427701950073242,1,1.0,2.9299609661102295,1.0,1.0,1.0,1.0,2.9299609661102295,10,0.621052622795105,1772330389.11957,80,ik_only,1,0
L1+IK_only,38,nbv_executor_IK_only_1772330555_282448.csv,0,COMMA,35,3838.7,1.00,1.000,0.901,0.992,0.450,0.009,0.001,-0.234359011054039,-0.16375070810317993,0.34946098923683167,67,-0.21611360299114088,-0.21237771254917837,0.5600122936027334,1,14.0,44.0,1,1.1701583862304688,1,1.0,3.3121774196624756,1.0,1.0,1.0,1.0,3.3121774196624756,3,0.55078125,1772330547.9791071,41,ik_only,1,0
L1+IK_only,39,nbv_executor_IK_only_1772330988_875036.csv,0,COMMA,26,3460.9,1.00,1.000,0.811,0.954,0.444,0.024,0.029,0.0689442902803421,-0.24678052961826324,0.46157461404800415,148,-0.1288676508280747,0.0031032390748551852,0.5202833710016028,0,53.0,114.0,0,nan,1,1.0,4.845949649810791,0.49472278356552124,0.49472278356552124,1.0,1.0,4.845949649810791,10,0.5973684191703796,1772330987.7346628,0,ik_only,1,0
L1+IK_only,40,nbv_executor_IK_only_1772331185_384188.csv,0,COMMA,71,3258.8,1.00,1.000,0.631,0.883,0.447,0.188,0.224,0.04847567528486252,-0.1665383279323578,0.4737395644187927,211,-0.128868097087109,0.003107116211968325,0.5202855001597859,0,85.0,124.0,0,nan,1,1.0,10.275094032287598,0.18140628933906555,0.18140628933906555,1.0,1.0,10.275094032287598,69,0.43515849113464355,1772331184.8362968,0,ik_only,1,0
L1+IK_only,41,nbv_executor_IK_only_1772331441_714146.csv,0,COMMA,35,2798.1,1.00,1.000,0.339,0.644,0.409,0.123,0.438,-0.21126917004585266,-0.267732709646225,0.3484731614589691,123,-0.20903047148096782,-0.26607842027314005,0.5673285570776394,1,44.0,90.0,1,3.7194361686706543,1,1.0,4.042361259460449,0.733761191368103,0.733761191368103,1.0,1.0,4.042361259460449,49,0.44412606954574585,1772331424.3073146,87,ik_only,1,0
L1+IK_only,42,nbv_executor_IK_only_1772331637_956278.csv,0,COMMA,182,2778.5,1.00,1.000,0.334,0.642,0.410,0.110,0.435,-0.2045804262161255,-0.2898075580596924,0.35150372982025146,130,-0.21029142076573987,-0.2893648551071779,0.5683051281926856,1,33.0,85.0,1,5.320338249206543,1,1.0,7.6604228019714355,0.6163976192474365,0.6163976192474365,1.0,1.0,7.6604228019714355,48,0.5465838313102722,1772331618.8484147,90,ik_only,1,0
L1+IK_only,43,nbv_executor_IK_only_1772331918_398534.csv,0,COMMA,47,3988.8,1.00,1.000,0.404,0.716,0.356,0.104,0.466,-0.22700130939483643,-0.21087299287319183,0.38207265734672546,177,-0.19514153137542029,-0.21948272304280708,0.5964480315984243,1,82.0,87.0,1,1.78857421875,1,1.0,8.890995979309082,1.0,1.0,1.0,1.0,8.890995979309082,23,0.3963963985443115,1772331909.7536106,39,ik_only,1,0
L1+IK_only,44,nbv_executor_IK_only_1772332055_763738.csv,0,COMMA,30,3986.5,1.00,1.000,0.403,0.718,0.356,0.102,0.461,-0.2162286788225174,-0.22002138197422028,0.3774919807910919,176,-0.19557431306808865,-0.2247541765506912,0.5933201465253877,1,74.0,88.0,1,1.3794465065002441,1,1.0,4.3943986892700195,0.46404069662094116,0.46404069662094116,1.0,1.0,4.3943986892700195,12,0.3897280991077423,1772332046.5060568,54,ik_only,1,0
L1+IK_only,45,nbv_executor_IK_only_1772332216_144233.csv,0,COMMA,20,5198.6,1.00,1.000,0.352,0.676,0.297,0.085,0.476,0.02828397788107395,-0.14734481275081635,0.38762834668159485,234,-0.1288197449691053,0.0031184751407503097,0.520309611257304,0,117.0,95.0,0,nan,1,1.0,8.211965560913086,0.9350413084030151,0.9350413084030151,1.0,1.0,8.211965560913086,142,0.522857129573822,1772332216.0595076,0,ik_only,1,0
L1+IK_only,46,nbv_executor_IK_only_1772332460_933715.csv,0,COMMA,34,3274.0,1.00,1.000,0.406,0.714,0.389,0.087,0.406,-0.0501367561519146,-0.20631320774555206,0.34830525517463684,42,-0.1288199675748836,0.003120976214966098,0.5203106301279663,0,12.0,40.0,0,nan,1,1.0,8.773750305175781,0.7388231754302979,0.7388231754302979,1.0,1.0,8.773750305175781,15,0.5420289635658264,1772332460.2919774,0,ik_only,1,0
L1+IK_only,47,nbv_executor_IK_only_1772333028_484227.csv,0,COMMA,32,4112.8,1.00,1.000,0.634,0.839,0.360,0.004,0.143,-0.21182431280612946,-0.08869059383869171,0.29617610573768616,133,-0.20028013305961778,-0.1283332356903163,0.5090895300640416,1,67.0,65.0,1,1.576207160949707,1,1.0,7.015108585357666,0.5662028789520264,0.5662028789520264,1.0,1.0,7.015108585357666,9,0.650288999080658,1772333017.5736203,58,ik_only,1,0
L1+IK_only,48,nbv_executor_IK_only_1772333145_476130.csv,0,COMMA,22,4101.7,1.00,1.000,0.634,0.838,0.360,0.006,0.148,-0.26254817843437195,-0.07860472053289413,0.32715916633605957,132,-0.22828994406279224,-0.1403011393607898,0.5322218023701111,1,61.0,86.0,1,1.3211338520050049,1,1.0,3.8526864051818848,0.5624757409095764,0.5624757409095764,1.0,1.0,3.8526864051818848,17,0.5284280776977539,1772333135.7010288,56,ik_only,1,0
L1+IK_only,49,nbv_executor_IK_only_1772333265_944942.csv,0,COMMA,15,4100.4,1.00,1.000,0.635,0.837,0.360,0.004,0.140,-0.22845496237277985,-0.04123992100358009,0.3310980796813965,148,-0.20411160650116955,-0.12016155018918719,0.5316492565181588,1,69.0,59.0,1,1.2820160388946533,1,1.0,7.681718349456787,0.45972955226898193,0.45972955226898193,1.0,1.0,7.681718349456787,24,0.6474164128303528,1772333254.8913121,57,ik_only,1,0
L1+IK_only,50,nbv_executor_IK_only_1772333485_990961.csv,0,COMMA,30,5088.2,1.00,1.000,0.641,0.845,0.327,0.003,0.291,-0.30950334668159485,0.05749871954321861,0.47939568758010864,90,-0.12887286620156557,0.003135446749538945,0.5202941755003794,0,103.0,5.0,0,nan,1,1.0,9.105267524719238,0.14713823795318604,0.14713823795318604,1.0,1.0,9.105267524719238,85,0.42276424169540405,1772333484.9747803,0,ik_only,1,0
L1+IK_only,51,nbv_executor_IK_only_1772333618_854729.csv,0,COMMA,24,4964.7,1.00,1.000,0.625,0.838,0.326,0.003,0.287,-0.35252639651298523,0.006046420894563198,0.4498012065887451,85,-0.2579258423299038,-0.12503013152319886,0.5944439855238007,1,85.0,3.0,1,1.1519150733947754,1,1.0,4.4470038414001465,0.01920967921614647,0.01920967921614647,1.0,1.0,4.4470038414001465,26,0.5564738512039185,1772333609.6037097,31,ik_only,1,0
L1+IK_only,52,nbv_executor_IK_only_1772333838_805539.csv,0,COMMA,46,7648.4,1.00,1.000,0.602,0.825,0.264,0.000,0.134,-0.18101826310157776,0.1233644187450409,0.3905455470085144,153,-0.12885355690875488,0.003174858504473549,0.5203183805015574,0,64.0,97.0,0,nan,1,1.0,10.307510375976562,0.6095455884933472,0.6095455884933472,1.0,1.0,10.307510375976562,139,0.5679012537002563,1772333838.3588865,0,ik_only,1,0
L1+IK_only,53,nbv_executor_IK_only_1772334018_979857.csv,0,COMMA,28,8320.8,1.00,1.000,0.696,0.879,0.264,0.002,0.049,-0.2687934935092926,0.08405394852161407,0.3870728313922882,152,-0.22042873985216954,-0.03129242712984004,0.564223754713558,1,54.0,81.0,1,0.9831888675689697,1,1.0,10.299029350280762,0.3917463421821594,0.3917463421821594,1.0,1.0,10.299029350280762,4,0.5432098507881165,1772334010.0546153,28,ik_only,1,0
L1+IK_only,54,nbv_executor_IK_only_1772334122_960671.csv,0,COMMA,20,8312.1,1.00,1.000,0.696,0.879,0.264,0.001,0.041,-0.27225109934806824,0.11754647642374039,0.44898417592048645,160,-0.12885258706700192,0.003110057726778054,0.5202744232397568,0,64.0,81.0,0,nan,1,1.0,6.8173699378967285,0.24580273032188416,0.24580273032188416,1.0,1.0,6.8173699378967285,-1,nan,1772334121.8309386,0,ik_only,1,0
L1+IK_only,55,nbv_executor_IK_only_1772334343_587515.csv,0,COMMA,25,6635.7,1.00,1.000,0.692,0.868,0.289,0.001,0.040,-0.22425127029418945,0.07442231476306915,0.3854096531867981,130,-0.2041289712143736,-0.03794811496045766,0.5698243308875173,1,34.0,99.0,1,10.349224090576172,1,1.0,10.445488929748535,0.5244721174240112,0.5244721174240112,1.0,1.0,10.445488929748535,73,0.5396825671195984,1772334321.8849423,87,ik_only,1,0
L1+IK_only,56,nbv_executor_IK_only_1772334477_973555.csv,0,COMMA,25,6597.5,1.00,1.000,0.690,0.867,0.289,0.004,0.039,-0.21290382742881775,0.014052219688892365,0.3310106098651886,131,-0.2021817739205508,-0.04684228750597612,0.5388717148225026,1,34.0,84.0,1,1.5909144878387451,1,1.0,7.723175048828125,0.3677476644515991,0.3677476644515991,1.0,1.0,7.723175048828125,5,0.456233412027359,1772334467.1549678,55,ik_only,1,0
L1+IK_only,57,nbv_executor_IK_only_1772334665_192987.csv,0,COMMA,26,6592.0,1.00,1.000,0.690,0.867,0.289,0.005,0.043,-0.28563371300697327,0.09496870636940002,0.46523478627204895,142,-0.12884803187801472,0.0031001679991698172,0.5203016237422493,0,43.0,89.0,0,nan,1,1.0,9.304532051086426,0.29941558837890625,0.29941558837890625,1.0,1.0,9.304532051086426,3,0.5412371158599854,1772334665.014235,0,ik_only,1,0
L1+IK_only,58,nbv_executor_IK_only_1772334938_525050.csv,0,COMMA,34,6039.1,1.00,1.000,0.414,0.762,0.315,0.041,0.399,-0.2500395178794861,-0.041094209998846054,0.33025163412094116,190,-0.22496500464064656,-0.09153027853797409,0.5396644685806121,1,65.0,132.0,1,1.2024054527282715,1,1.0,4.032181739807129,0.4748196303844452,0.4748196303844452,1.0,1.0,4.032181739807129,45,0.5797468423843384,1772334928.4314842,55,ik_only,1,0
L1+IK_only,59,nbv_executor_IK_only_1772335059_423540.csv,0,COMMA,47,6174.5,1.00,1.000,0.778,0.945,0.315,0.038,0.268,-0.3165653347969055,-0.04874366521835327,0.3769228756427765,196,-0.2506388397205606,-0.11876991239436913,0.5713106460007434,1,65.0,107.0,1,1.6495213508605957,1,1.0,6.7502593994140625,0.030408749356865883,0.030408749356865883,1.0,1.0,6.7502593994140625,0,0.607594907283783,1772335050.2612877,51,ik_only,1,0
L1+IK_only,60,nbv_executor_IK_only_1772335196_938087.csv,0,COMMA,32,6219.4,1.00,1.000,0.777,0.944,0.315,0.041,0.269,-0.23408277332782745,0.005097036249935627,0.35270386934280396,168,-0.2075018238557673,-0.0755848487306085,0.552242156175538,1,74.0,108.0,1,1.445427656173706,1,1.0,8.200813293457031,0.30934932827949524,0.30934932827949524,1.0,1.0,8.200813293457031,39,0.6642156839370728,1772335186.478451,55,ik_only,1,0
L1+L2,1,nbv_executor_action_mode_1772238485_109323.csv,0,COMMA,23,5976.1,1.00,1.000,0.560,0.844,0.321,0.070,0.496,0.04074554890394211,-0.11009986698627472,0.4222373068332672,9,-0.06414133092238167,-0.16723927448148257,0.6032538175654241,1,3,6,1,1.548410177230835,12,-0.313043475151062,9.637056350708008,0.4677049219608307,0.4677049219608307,1.0,1.86770498752594,7.482596128936027,2,0.782608687877655,1772238486.6701863,53,action_mode,1,1
L1+L2,2,nbv_executor_action_mode_1772238712_127510.csv,0,COMMA,18,3972.2,1.00,1.000,0.569,0.855,0.405,0.069,0.316,-0.118517421,-0.075988472,0.351215154,3,-0.12360971,-0.15404992,0.553486322,1,0,3,1,1.19606638,16,2.496541544,7.525435448,1,1,1,1.81793201,2.496536427,0,nan,1772238745,32,action_mode,1,1
L1+L2,3,nbv_executor_action_mode_1772238958_154238.csv,0,COMMA,31,4055.6,1.00,1.000,0.606,0.869,0.408,0.082,0.330,nan,nan,nan,2,nan,nan,nan,0,2,0,0,nan,15,nan,4.973593712,0.64029187,0.64029187,1,2.807825089,nan,-1,nan,1772238980,0,action_mode,1,1
L1+L2,4,nbv_executor_action_mode_1772239292_178892.csv,0,COMMA,63,4065.3,1.00,1.000,0.611,0.871,0.407,0.079,0.322,-0.15822716057300568,-0.08325527608394623,0.3555717170238495,5,-0.15873187734822874,-0.1578797015698122,0.5591990407997403,1,0,5,1,1.0002331733703613,10,2.145960417936123,nan,nan,nan,nan,nan,2.4355447590978834,3,0.7239709496498108,1772239299.6749444,34,action_mode,1,1
L1+L2,5,nbv_executor_action_mode_1772239443_191886.csv,0,COMMA,49,4065.1,1.00,1.000,0.608,0.871,0.408,0.078,0.319,-0.33926281332969666,-0.14516811072826385,0.4051954448223114,5,-0.2525369679368107,-0.21853819339661235,0.5899347349486382,1,0,5,1,1.3035163879394531,15,2.278158704651873,6.705316543579102,0.49182048439979553,0.49182048439979553,1.0,2.091803550720215,2.5567120313455582,2,0.6963855624198914,1772239450.1981702,30,action_mode,1,1
L1+L2,6,nbv_executor_action_mode_1772239589_202911.csv,0,COMMA,24,4064.5,1.00,1.000,0.605,0.871,0.408,0.081,0.324,-0.2777990996837616,-0.11709795892238617,0.3700442314147949,3,-0.2294086098382989,-0.18786010241817444,0.5692532325835367,1,0,3,1,1.1906287670135498,7,2.4344942346455163,2.2130753993988037,0.8528494238853455,0.8528494238853455,1.0,2.3773443698883057,2.744568007251649,2,0.7751756310462952,1772239595.4697385,36,action_mode,1,1
L1+L2,7,nbv_executor_action_mode_1772239938_236184.csv,0,COMMA,26,3450.6,1.00,1.000,0.394,0.739,0.400,0.157,0.490,-0.22248661518096924,-0.1634790450334549,0.2972522974014282,1,-0.20783335684394047,-0.18573647185182107,0.5124801663631025,1,0,1,1,1.0810692310333252,15,3.1880821200012592,3.212503671646118,0.9877890348434448,0.9877890348434448,1.0,2.7877891063690186,3.1880816826189267,0,nan,1772239942.662815,42,action_mode,0,0
L1+L2,8,nbv_executor_action_mode_1772240105_250519.csv,0,COMMA,31,3496.4,1.00,1.000,0.381,0.736,0.400,0.154,0.493,-0.2717485725879669,-0.01840551383793354,0.45320114493370056,5,-0.2029652694794638,-0.17285953113660016,0.5890170510715207,1,0,5,1,0.97823166847229,14,2.0542148888456344,3.950756072998047,0.09556251764297485,0.09556251764297485,1.0,2.4955625534057617,2.0542151777046715,4,nan,1772240125.0909944,28,action_mode,0,1
L1+L2,9,nbv_executor_action_mode_1772240300_270141.csv,0,COMMA,60,3493.4,1.00,1.000,0.404,0.747,0.400,0.151,0.486,-0.20116491615772247,-0.10255153477191925,0.3130935728549957,9,-0.18255891978246527,-0.16165116607830393,0.5209257096495334,1,0,9,1,1.3204004764556885,14,4.109084001188261,4.158475875854492,0.5313643217086792,0.5313643217086792,1.0,2.548889636993408,4.109089099907907,0,nan,1772240305.9603055,55,action_mode,0,1
L1+L2,10,nbv_executor_action_mode_1772240452_286800.csv,0,COMMA,34,3533.5,1.00,1.000,0.441,0.766,0.400,0.152,0.485,-0.17694897949695587,-0.021506868302822113,0.3761180639266968,1,-0.1658421055907547,-0.14815666854691495,0.5518155654923516,1,0,1,1,1.2472124099731445,14,2.6908315038184374,4.927413463592529,0.9089732766151428,0.9089732766151428,1.0,3.3089733123779297,2.6908292504665106,0,nan,1772240462.3117793,35,action_mode,0,0
L1+L2,11,nbv_executor_action_mode_1772240603_302563.csv,0,COMMA,16,3535.4,1.00,1.000,0.444,0.767,0.400,0.147,0.476,-0.15582238137722015,-0.024067943915724754,0.36948466300964355,4,-0.15392975309114001,-0.14641534450541682,0.548539621425674,1,0,4,1,1.0147032737731934,27,2.4622074690417355,2.511331796646118,1.0,1.0,1.0,3.060109853744507,2.5755951227532283,0,0.2834821343421936,1772240614.9582617,34,action_mode,1,1
L1+L2,12,nbv_executor_action_mode_1772240776_319131.csv,0,COMMA,37,3541.6,1.00,1.000,0.442,0.767,0.400,0.149,0.481,-0.22340111434459686,-0.20018869638442993,0.2917267084121704,2,-0.2233363134266872,-0.20028986702599316,0.5085979424926553,1,0,2,1,1.5641584396362305,6,4.447766518224997,nan,nan,nan,nan,nan,4.447758970893278,0,nan,1772240782.6869903,55,action_mode,0,1
L1+L2,13,nbv_executor_action_mode_1772241095_354799.csv,0,COMMA,50,3912.6,1.00,1.000,0.416,0.757,0.384,0.030,0.349,0.04860773682594299,-0.14782403409481049,0.3651960492134094,2,-0.037732430155004215,-0.20709162994150057,0.5551062233866373,1,0,2,1,1.381453037261963,4,7.970373927801003,3.7980895042419434,0.14327368140220642,0.14327368140220642,1.0,0.943273663520813,8.277796159154304,0,0.7685589790344238,1772241101.1792257,69,action_mode,1,1
L1+L2,14,nbv_executor_action_mode_1772241414_390762.csv,0,COMMA,37,3319.0,1.00,1.000,0.449,0.749,0.390,0.008,0.253,-0.24952822923660278,-0.131059929728508,0.35099703073501587,1,-0.20747456206165504,-0.18447865409086764,0.5569365256622565,1,0,1,1,1.6824283599853516,4,7.010950155500972,3.774574041366577,0.6238976120948792,0.6238976120948792,1.0,2.7308995723724365,7.010947370590413,0,nan,1772241428.4833913,56,action_mode,0,0
L1+L2,15,nbv_executor_action_mode_1772241608_413155.csv,0,COMMA,41,3338.8,1.00,1.000,0.430,0.733,0.390,0.011,0.261,-0.21383684873580933,-0.14223730564117432,0.32671043276786804,1,-0.1952393637221206,-0.17425270931208822,0.5403978074187916,1,0,1,1,2.819180965423584,10,8.79085194419938,nan,nan,nan,nan,nan,8.790847214049274,0,nan,1772241618.5550919,87,action_mode,0,0
L1+L2,16,nbv_executor_action_mode_1772241858_448024.csv,0,COMMA,31,4295.2,1.00,1.000,0.546,0.863,0.390,0.023,0.246,-0.3023984730243683,-0.1813431680202484,0.3811257481575012,1,-0.22045053560117717,-0.2276138395359797,0.5765143535463986,1,0,1,1,1.1317241191864014,5,2.7679465148250326,1.758296251296997,0.4483000338077545,0.4483000338077545,1.0,2.248300075531006,2.767945310112633,0,nan,1772241862.7422726,32,action_mode,0,0
L1+L2,17,nbv_executor_action_mode_1772242095_471312.csv,0,COMMA,26,4944.8,1.00,1.000,0.621,0.888,0.368,0.062,0.391,-0.1382550448179245,-0.05265913903713226,0.3323126435279846,8,-0.13014451900772286,-0.12824746937375714,0.5354228852546228,1,2,6,1,1.221024513244629,5,2.2075732267409665,1.6524772644042969,1.0,1.0,1.0,2.649871587753296,2.524271553196715,0,0.7917570471763611,1772242098.9808195,33,action_mode,1,1
L1+L2,18,nbv_executor_action_mode_1772242386_505901.csv,0,COMMA,43,5243.5,1.00,1.000,0.669,0.938,0.369,0.002,0.042,-0.22255146503448486,-0.056227609515190125,0.33754661679267883,4,-0.18238248156195422,-0.13427526823762392,0.5358599101972823,1,0,4,1,1.1608984470367432,10,6.508527493522316,6.1491923332214355,1.0,1.0,1.0,2.746951103210449,6.732464474841776,2,0.5598455667495728,1772242387.213061,57,action_mode,1,1
L1+L2,19,nbv_executor_action_mode_1772242675_530274.csv,0,COMMA,50,4358.0,1.00,1.000,0.412,0.766,0.365,0.062,0.395,-0.125143781,0.042894803,0.380879462,3,-0.124667303,-0.0963111,0.547176293,1,0,3,1,1.656509161,17,2.738353714,5.122388363,0.862378418,0.862378418,1,2.262378454,2.853167915,0,0.287037045,1772242855,36,action_mode,1,1
L1+L2,20,nbv_executor_action_mode_1772242912_550665.csv,0,COMMA,57,4364.1,1.00,1.000,0.415,0.768,0.365,0.063,0.396,-0.178726628,0.029387452,0.365718812,9,-0.156124556,-0.100157591,0.538172791,1,4,5,1,0.931642532,14,2.817575151,nan,nan,nan,nan,nan,2.90795004,3,0.22594142,1772242918,38,action_mode,1,1
L1+L2,21,nbv_executor_action_mode_1772326294_48334.csv,0,COMMA,130,3277.4,1.00,1.000,0.435,0.765,0.424,0.006,0.163,-0.20618633925914764,-0.11123785376548767,0.35729655623435974,3,-0.19588787485358267,-0.17171125095681244,0.5653111145452568,1,0,3,1,5.237766981124878,4,3.4618613428646845,3.576688051223755,0.8340444564819336,0.8340444564819336,1.0,2.4954326152801514,3.6865792159404354,0,0.5617647171020508,1772326306.3287516,52,action_mode,1,1
L1+L2,22,nbv_executor_action_mode_1772331501_507349.csv,0,COMMA,53,2802.0,1.00,1.000,0.333,0.641,0.409,0.120,0.443,-0.224532649,-0.2948789,0.363159269,6,-0.208023882,-0.295178408,0.579401072,1,3,3,1,1.354038239,9,3.216413345,7.293605328,1,1,1,1.801870584,3.417711578,1,0.503246725,1772331510,52,action_mode,1,1
L1+L2,23,nbv_executor_action_mode_1772326528_69398.csv,0,COMMA,34,3289.7,1.00,1.000,0.440,0.770,0.425,0.008,0.163,-0.2631361484527588,-0.10780011117458344,0.3830467164516449,2,-0.22870947611921819,-0.1838767553534409,0.5831973973117729,1,0,2,1,1.1779227256774902,6,2.484129851517118,3.2872071266174316,1.0,1.0,1.0,3.003105640411377,2.7644101322722845,1,0.7007299065589905,1772326541.9398878,37,action_mode,1,1
L1+L2,24,nbv_executor_action_mode_1772326688_83911.csv,0,COMMA,32,3296.7,1.00,1.000,0.440,0.770,0.424,0.007,0.165,-0.29476454854011536,-0.13752123713493347,0.3853830099105835,38,-0.2494771249899504,-0.20225822708286056,0.5873516163991171,1,2,36,1,1.2073404788970947,10,2.434814512863088,7.918778419494629,0.6817502975463867,0.6817502975463867,0.8835722804069519,2.481750249862671,2.693108648934848,11,0.6457286477088928,1772326699.7227945,35,action_mode,1,1
L1+L2,25,nbv_executor_action_mode_1772327309_147170.csv,0,COMMA,15,4223.7,1.00,1.000,0.544,0.763,0.334,0.018,0.270,-0.15461395680904388,-0.044214747846126556,0.3815248906612396,4,-0.16013145075075338,-0.09913401362939737,0.5912546646864834,1,1,3,1,1.4637658596038818,5,2.950673354264261,5.9750075340271,0.803427517414093,0.803427517414093,1.0,1.741078495979309,3.300017541990634,3,0.8733624219894409,1772327310.5573003,51,action_mode,1,1
L1+L2,26,nbv_executor_action_mode_1772327434_160607.csv,0,COMMA,32,4231.7,1.00,1.000,0.546,0.764,0.334,0.018,0.269,-0.2297188937664032,-0.02271837554872036,0.40257513523101807,1,-0.2049270060909607,-0.10440401916051918,0.6019390350209868,1,0,1,1,0.7970843315124512,6,2.5415646771831475,1.567440152168274,0.8060359954833984,0.8060359954833984,1.0,2.6060359477996826,2.541565518523875,0,nan,1772327443.2442656,35,action_mode,0,0
L1+L2,27,nbv_executor_action_mode_1772327597_178231.csv,0,COMMA,26,4247.5,1.00,1.000,0.545,0.763,0.334,0.022,0.282,-0.17810584604740143,-0.0010034447768703103,0.4062125086784363,27,-0.17441212469923,-0.0942011003692918,0.60200244718634,1,2,25,1,1.0229792594909668,5,-0.34396550655364994,nan,nan,nan,nan,nan,2.6398390930040607,8,0.8599137663841248,1772327598.602092,34,action_mode,1,1
L1+L2,28,nbv_executor_action_mode_1772327739_193490.csv,0,COMMA,32,4243.9,1.00,1.000,0.546,0.763,0.334,0.022,0.285,-0.18240571022033691,-0.06266922503709793,0.36065900325775146,6,-0.17951930035257835,-0.10136652605677789,0.574030355922812,1,0,6,1,0.7993502616882324,9,2.1698397320173406,6.6228251457214355,0.8679561614990234,0.8679561614990234,1.0,2.7761027812957764,2.5066893080234114,1,0.8421052694320679,1772327746.1836607,35,action_mode,1,1
L1+L2,29,nbv_executor_action_mode_1772327885_207794.csv,0,COMMA,36,4229.2,1.00,1.000,0.541,0.760,0.334,0.019,0.279,-0.2062498778104782,-0.03653619810938835,0.3818386495113373,1,-0.19333117497482372,-0.10085398823272876,0.5885497416107794,1,0,1,1,1.5221734046936035,8,2.8945265019480155,1.2898503541946411,0.7115253210067749,0.7115253210067749,1.0,2.111525297164917,2.894533430895263,0,nan,1772327892.9851944,37,action_mode,0,0
L1+L2,30,nbv_executor_action_mode_1772328076_227981.csv,0,COMMA,29,3554.9,1.00,1.000,0.840,0.963,0.455,0.018,0.191,-0.2851667106151581,-0.20055390894412994,0.3967962861061096,1,-0.22404434671954804,-0.26090351562251063,0.5959322401973473,1,0,1,1,1.4170854091644287,7,6.621676587504522,3.339871406555176,0.7292032837867737,0.7292032837867737,1.0,2.962538719177246,6.621669358169838,0,nan,1772328083.2088382,53,action_mode,0,0
L1+L2,31,nbv_executor_action_mode_1772328206_244691.csv,0,COMMA,31,3547.9,1.00,1.000,0.838,0.963,0.455,0.018,0.192,-0.2632844150066376,-0.24882109463214874,0.3637557029724121,6,-0.23057826221212388,-0.2747375028200891,0.5765743909729453,1,0,6,1,1.4082632064819336,6,2.886924814660676,3.361400842666626,1.0,1.0,1.0,2.4000000953674316,3.144347117034594,4,0.6435643434524536,1772328216.2870352,37,action_mode,1,1
L1+L2,32,nbv_executor_action_mode_1772329167_299895.csv,0,COMMA,32,3523.5,1.00,1.000,0.833,0.958,0.454,0.016,0.192,-0.201679781079292,-0.167123928666115,0.355873256921768,6,-0.183115440905894,-0.219557745194082,0.565490066277526,1,3,3,1,1.11779689788818,5,2.65511478974086,5.90134763717651,0.328163057565689,0.328163057565689,1,2.12816309928894,2.88877842063335,5,0.584158420562744,1772329184.63472,38,action_mode,1,1
L1+L2,33,nbv_executor_action_mode_1772329314_311616.csv,0,COMMA,23,3533.7,1.00,1.000,0.831,0.957,0.454,0.018,0.196,-0.30861419439315796,-0.21504946053028107,0.41694751381874084,6,-0.2264218837900254,-0.2763226748967876,0.6080578586072021,1,0,6,1,1.230898380279541,5,2.4600817501878596,4.967694282531738,0.7251747250556946,0.7251747250556946,1.0,3.0099360942840576,2.75269273747428,5,0.7315270900726318,1772329328.1800325,32,action_mode,1,1
L1+L2,34,nbv_executor_action_mode_1772329679_350172.csv,0,COMMA,32,2497.7,1.00,1.000,0.698,0.888,0.503,0.016,0.105,-0.23245711624622345,-0.13108110427856445,0.4474635720252991,14,-0.1772537937426581,-0.26357362650071736,0.6100411576453035,1,1,13,1,1.0902247428894043,3,2.2435200841368954,3.0371923446655273,1.0,1.0,1.0,2.799999952316284,2.4995686710649947,7,0.6401098966598511,1772329682.1862798,34,action_mode,1,1
L1+L2,35,nbv_executor_action_mode_1772330179_401114.csv,0,COMMA,41,2494.9,1.00,1.000,0.703,0.890,0.503,0.014,0.091,-0.1545165330171585,-0.2486267238855362,0.32674726843833923,2,-0.1503830872494343,-0.2688730575550043,0.5426318376073284,1,0,2,1,1.3988697528839111,5,3.8774845540623204,4.9362616539001465,1.0,1.0,1.0,1.7347464561462402,4.085014655439545,0,0.5188171863555908,1772330180.7061,44,action_mode,1,1
L1+L2,36,nbv_executor_action_mode_1772330297_412684.csv,0,COMMA,24,2491.7,1.00,1.000,0.709,0.892,0.503,0.015,0.096,-0.19475828111171722,-0.2750580310821533,0.3323397636413574,2,-0.18618529763013927,-0.28946823132088345,0.548561864013994,1,0,2,1,3.8728742599487305,5,3.595808526962877,2.6897521018981934,0.847439706325531,0.847439706325531,1.0,3.1193971633911133,3.8159858374462354,0,0.5504587292671204,1772330300.5561936,48,action_mode,1,1
L1+L2,37,nbv_executor_action_mode_1772330444_428291.csv,0,COMMA,76,2504.7,1.00,1.000,0.711,0.893,0.503,0.018,0.093,-0.09808190912008286,-0.262493371963501,0.32042551040649414,15,-0.09999287927078038,-0.2720000632917114,0.53707988405107,1,0,15,1,1.3761341571807861,11,2.9027353145936736,2.7370760440826416,1.0,1.0,1.0,2.185147523880005,3.0765462174700366,11,0.43454039096832275,1772330446.9510486,32,action_mode,1,1
L1+L2,38,nbv_executor_action_mode_1772330603_441844.csv,0,COMMA,26,3837.4,1.00,1.000,0.901,0.992,0.450,0.009,0.001,-0.31202593445777893,-0.2162780910730362,0.3672824203968048,3,-0.26657769935968645,-0.25800768001725766,0.5751916456352846,1,0,3,1,1.485464334487915,7,2.5843839007079286,4.824611186981201,0.7855241298675537,0.7855241298675537,1.0,2.1855242252349854,2.8688017423991066,0,0.7110481858253479,1772330605.8659012,35,action_mode,1,1
L1+L2,39,nbv_executor_action_mode_1772331027_467504.csv,0,COMMA,26,3457.9,1.00,1.000,0.791,0.947,0.443,0.013,0.042,nan,nan,nan,1,nan,nan,nan,0,1,0,0,nan,13,nan,5.158373833,0.750131071,0.750131071,1,2.936291218,nan,-1,nan,1772331035,0,action_mode,0,0
L1+L2,40,nbv_executor_action_mode_1772331246_482670.csv,0,COMMA,48,3258.5,1.00,1.000,0.631,0.883,0.447,0.182,0.228,-0.26468756794929504,-0.3268471956253052,0.36036279797554016,2,-0.24898622351208527,-0.32820165306633586,0.5766606940220684,1,0,2,1,2.965660810470581,12,-0.25058822631835936,4.997945308685303,0.2150636464357376,0.2150636464357376,1.0,1.6150636672973633,4.874780096248631,0,0.6264705657958984,1772331248.19643,64,action_mode,1,1
L1+L2,41,nbv_executor_action_mode_1772331711_527204.csv,0,COMMA,23,2780.3,1.00,1.000,0.336,0.642,0.410,0.110,0.430,-0.068041861,-0.300918698,0.343791097,3,-0.01224859,-0.308876285,0.55321157,1,0,3,1,4.705438375,8,4.069162622,4.774502754,1,1,1,2.159853697,4.309392514,0,0.600574732,1772331717,128,action_mode,1,1
L1+L2,42,nbv_executor_action_mode_1772331830_545995.csv,0,COMMA,41,3989.7,1.00,1.000,0.407,0.719,0.356,0.102,0.463,-0.18129600584506989,-0.20076113939285278,0.3576842248439789,1,-0.19109916799733437,-0.19556378412717002,0.5742714638870696,1,0,1,1,1.481482744216919,12,3.541164460582877,nan,nan,nan,nan,nan,3.5411614279511685,0,nan,1772331836.1047068,44,action_mode,0,0
L1+L2,43,nbv_executor_action_mode_1772331967_556461.csv,0,COMMA,31,3988.7,1.00,1.000,0.403,0.717,0.356,0.104,0.463,nan,nan,nan,2,nan,nan,nan,0,2,0,0,nan,9,nan,4.828109264,1,1,1,3.060052395,nan,-1,nan,1772331969,0,action_mode,1,1
L1+L2,44,nbv_executor_action_mode_1772332100_566617.csv,0,COMMA,24,3980.5,1.00,1.000,0.401,0.717,0.356,0.103,0.462,-0.230987086892128,-0.23309315741062164,0.39110490679740906,8,-0.1918673349211376,-0.2372692749105577,0.6043778578592003,1,1,7,1,1.7893180847167969,11,2.996928180790275,4.832343578338623,0.6733828186988831,0.8873546719551086,0.6733828186988831,1.473382830619812,3.2173563849298135,5,0.5510835647583008,1772332104.497192,49,action_mode,1,1
L1+L2,45,nbv_executor_action_mode_1772332265_580557.csv,0,COMMA,24,5202.0,1.00,1.000,0.351,0.675,0.297,0.082,0.475,nan,nan,nan,4,nan,nan,nan,0,4,0,0,nan,14,nan,4.577224255,1,1,1,3.179351568,nan,-1,nan,1772332273,0,action_mode,0,1
L1+L2,46,nbv_executor_action_mode_1772332471_594681.csv,0,COMMA,34,3521.0,1.00,1.000,0.406,0.613,0.389,0.086,0.369,-0.107180863618851,-0.277986109256744,0.352773666381836,2,-0.019258662774198,-0.291865201104099,0.550536665990902,1,1,1,1,9.4539954662323,11,7.11510959083847,4.59799575805664,0.685077786445618,0.685077786445618,1,1.8411990404129,7.34056413585953,1,0.563636362552643,1772332475.69804,80,action_mode,1,1
L1+L2,47,nbv_executor_action_mode_1772333066_673820.csv,0,COMMA,21,4103.9,1.00,1.000,0.635,0.838,0.360,0.004,0.144,-0.21113811433315277,-0.05147271603345871,0.31672927737236023,2,-0.19514138490862437,-0.1188433088798433,0.522249238625508,1,0,2,1,1.0549845695495605,8,2.442126934886226,4.211816310882568,0.528190016746521,0.528190016746521,1.0,2.866290807723999,2.692283536517926,0,0.6253968477249146,1772333078.5641081,37,action_mode,1,1
L1+L2,48,nbv_executor_action_mode_1772333180_683264.csv,0,COMMA,24,4105.8,1.00,1.000,0.634,0.838,0.360,0.005,0.146,-0.36368611454963684,-0.09618619829416275,0.45975545048713684,2,-0.23675903143126578,-0.1957580402875181,0.6046971989910191,1,0,2,1,1.003279447555542,6,3.1335103460296403,5.706955432891846,0.9696335196495056,0.9696335196495056,1.0,2.3807427883148193,3.3647000824013396,1,0.5779816508293152,1772333192.2958562,38,action_mode,1,1
L1+L2,49,nbv_executor_action_mode_1772333318_695486.csv,0,COMMA,31,4100.9,1.00,1.000,0.635,0.836,0.360,0.004,0.141,-0.2970166504383087,0.0058334446512162685,0.4602789282798767,25,-0.2194733605349603,-0.1423683069491528,0.5983239413002605,1,0,25,1,1.1388440132141113,5,1.837895087810859,3.782140016555786,0.4284537732601166,0.4284537732601166,1.0,2.547589063644409,2.0889478795154095,20,0.6276276111602783,1772333329.7637312,28,action_mode,1,1
L1+L2,50,nbv_executor_action_mode_1772333546_714826.csv,0,COMMA,67,5003.9,1.00,1.000,0.632,0.842,0.327,0.004,0.285,-0.29831022024154663,0.023686064407229424,0.39362698793411255,4,-0.24632132706839824,-0.09550421758234992,0.5671895941375391,1,2,2,1,1.1179430484771729,2,-0.24319999217987062,3.9999046325683594,0.054601460695266724,0.054601460695266724,1.0,2.3700942993164062,2.0635205043811085,2,0.6079999804496765,1772333547.878878,29,action_mode,1,1
L1+L2,51,nbv_executor_action_mode_1772333647_724704.csv,0,COMMA,25,4932.4,1.00,1.000,0.628,0.836,0.327,0.003,0.288,-0.315131604671478,0.024464387446642,0.414855360984802,8,-0.250916781435057,-0.102896305238714,0.578222606911493,1,0,8,1,0.985364198684692,1,2.00719436818941,3.67744660377502,0.192952126264572,0.192952126264572,1,1.59295213222504,2.00719706914333,5,nan,1772333673.42349,27,action_mode,0,1
L1+L2,52,nbv_executor_action_mode_1772333947_749400.csv,0,COMMA,24,7978.2,1.00,1.000,0.678,0.864,0.264,0.000,0.082,-0.10237390547990799,0.03061675652861595,0.3139694631099701,3,-0.11771804111836415,-0.01700110437429317,0.5249913658376018,1,0,3,1,0.9499342441558838,5,-0.228228235244751,4.654581546783447,0.37286707758903503,0.37286707758903503,1.0,2.640481472015381,2.7137202278162063,0,0.5705705881118774,1772333948.77525,35,action_mode,1,1
L1+L2,53,nbv_executor_action_mode_1772334050_758933.csv,0,COMMA,41,8367.5,1.00,1.000,0.697,0.880,0.264,0.002,0.049,-0.12061158567667007,0.08971850574016571,0.34606921672821045,1,-0.13701194070502573,-0.010664688835865882,0.5376087406074993,1,0,1,1,1.2345666885375977,4,2.6511295972284312,5.395726680755615,0.942742645740509,0.942742645740509,1.0,2.014235734939575,2.6511292499404875,0,nan,1772334062.018419,33,action_mode,0,0
L1+L2,54,nbv_executor_action_mode_1772334238_775415.csv,0,COMMA,39,8311.2,1.00,1.000,0.696,0.879,0.264,0.001,0.047,-0.2127663493156433,-0.012191561982035637,0.32068341970443726,5,-0.2045713561213434,-0.05207214117691367,0.533698743321957,1,0,5,1,1.2832214832305908,4,-0.21213719844818116,5.931142807006836,0.933704674243927,0.933704674243927,1.0,2.7337045669555664,6.291318726580868,0,0.5303429961204529,1772334239.70668,56,action_mode,1,1
L1+L2,55,nbv_executor_action_mode_1772334562_800119.csv,0,COMMA,38,6556.3,1.00,1.000,0.690,0.867,0.291,0.007,0.054,-0.0991756021976471,0.03165193274617195,0.34703192114830017,4,-0.1276322970394217,-0.047544920520190936,0.5469099378425788,1,0,4,1,0.9501848220825195,6,2.410195875042274,6.42521333694458,0.4515967071056366,0.4515967071056366,1.0,1.851596713066101,2.6186155292561115,0,0.5210526585578918,1772334567.186119,34,action_mode,1,1
L1+L2,56,nbv_executor_action_mode_1772334611_804428.csv,0,COMMA,32,6547.3,1.00,1.000,0.690,0.867,0.292,0.007,0.056,-0.215658500790596,0.08915670961141586,0.4010254442691803,8,-0.19819933447240712,-0.03585350715763508,0.5773795477685852,1,0,8,1,1.2168524265289307,5,2.0173158112744565,5.038473129272461,0.7918944954872131,0.7918944954872131,1.0,2.8867568969726562,2.017310353234263,2,nan,1772334614.920278,29,action_mode,0,1
L1+L2,57,nbv_executor_action_mode_1772334721_812911.csv,0,COMMA,43,6591.7,1.00,1.000,0.688,0.866,0.289,0.004,0.048,-0.13552351295948029,0.07648280262947083,0.3807929456233978,3,-0.15365463635222745,-0.03488193445387269,0.566001758332526,1,0,3,1,5.181409120559692,6,7.898081785015056,nan,nan,nan,nan,nan,8.108320013196,0,0.5256064534187317,1772334725.531515,123,action_mode,1,1
L1+L2,58,nbv_executor_action_mode_1772334977_840813.csv,0,COMMA,34,6170.7,1.00,1.000,0.638,0.867,0.315,0.043,0.327,-0.1416579633951187,-0.026403916999697685,0.3124109208583832,2,-0.1470326125016225,-0.07309256941758616,0.5241287271209498,1,0,2,1,1.0418567657470703,5,2.374499980256694,6.702571392059326,1.0,1.0,1.0,2.420618772506714,2.6149065338006663,0,0.6010230183601379,1772334988.2134817,34,action_mode,1,1
L1+L2,59,nbv_executor_action_mode_1772335090_851774.csv,0,COMMA,26,6208.5,1.00,1.000,0.769,0.938,0.315,0.041,0.275,-0.2977195680141449,-0.002423018217086792,0.39178627729415894,20,-0.23508156433245753,-0.09798306825302083,0.5761172403420226,1,0,20,1,1.142198085784912,5,1.9617730908405875,3.8027772903442383,0.1961219757795334,0.1961219757795334,1.0,2.2536754608154297,2.195021867153072,13,0.5831202268600464,1772335099.1193645,30,action_mode,1,1
L1+L2,60,nbv_executor_action_mode_1772335232_865628.csv,0,COMMA,28,6228.4,1.00,1.000,0.775,0.944,0.315,0.041,0.269,-0.18960368633270264,0.003638472408056259,0.3369027376174927,3,-0.18092683189080278,-0.06812946983947808,0.5413708800475512,1,0,3,1,1.0231940746307373,6,2.2942470047571235,4.294022083282471,0.34530240297317505,0.34530240297317505,1.0,2.479214668273926,2.5777020307811607,2,0.7086419463157654,1772335243.2835503,34,action_mode,1,1
